{
 "n_patients": 20,
 "hu_threshold": 2500,
 "dental_work": {
  "rank1": 0.9,
  "auc": 0.9961842105263158,
  "gen_mean": 0.01188847230499207,
  "imp_min": 0.011291994958537239
 },
 "ios_geometry": {
  "rank1": 1.0,
  "auc": 1.0,
  "gen_mean": 0.016372026466703465,
  "imp_min": 0.020695640809517166
 },
 "fused": {
  "rank1": 1.0,
  "auc": 1.0,
  "gen_mean": -3.8654504463702666,
  "imp_min": -3.261392738977474
 }
}
