{
 "n_patients": 36,
 "regime": "hard (jitter 0.03, keep 0.8)",
 "best_single_rank1": 0.806,
 "best_single_auc": 0.933,
 "ios_crowns": {
  "rank1": 0.8055555555555556,
  "auc": 0.9333112874779541,
  "gen_mean": 0.03333056815236681,
  "imp_min": 0.029438144293944788
 },
 "cbct_bone": {
  "rank1": 0.5277777777777778,
  "auc": 0.7421075837742505,
  "gen_mean": 0.04733120982216907,
  "imp_min": 0.035699673590724575
 },
 "dental_work": {
  "rank1": 0.6944444444444444,
  "auc": 0.852689594356261,
  "gen_mean": 0.031838335014602974,
  "imp_min": 0.020077435527727165
 },
 "fuse_ios+bone": {
  "rank1": 0.6111111111111112,
  "auc": 0.8780643738977072,
  "gen_mean": -2.4695784690430083,
  "imp_min": -3.463167270086509
 },
 "fuse_all_three": {
  "rank1": 0.75,
  "auc": 0.9140652557319224,
  "gen_mean": -3.2352043677997475,
  "imp_min": -4.44799921173366
 },
 "iosbone_rank1_gain": -0.194,
 "iosbone_auc_gain": -0.055,
 "all3_rank1_gain": -0.056,
 "all3_auc_gain": -0.019
}
