{
 "dataset": "denpar",
 "ablations": {
  "jitter_0.0": {
   "n": 144,
   "rank1": 1.0,
   "rank5": 1.0,
   "auc": 1.0,
   "eer": 0.0,
   "dprime": 4.271265902134087,
   "genuine_mean": 1.5327990221025484e-13,
   "genuine_max": 5.108274350177736e-13,
   "impostor_mean": 102.94788961043743,
   "impostor_min": 21.02348600573688
  },
  "jitter_6.0": {
   "n": 144,
   "rank1": 1.0,
   "rank5": 1.0,
   "auc": 1.0,
   "eer": 0.0,
   "dprime": 3.9502839774811047,
   "genuine_mean": 7.907682662347175,
   "genuine_max": 10.631499070710511,
   "impostor_mean": 102.54893507872893,
   "impostor_min": 22.767681368653868
  },
  "jitter_12.0": {
   "n": 144,
   "rank1": 1.0,
   "rank5": 1.0,
   "auc": 1.0,
   "eer": 0.0,
   "dprime": 3.6704366121592598,
   "genuine_mean": 15.310333375855366,
   "genuine_max": 20.0244372255337,
   "impostor_mean": 102.72483699248428,
   "impostor_min": 25.46960791647227
  },
  "jitter_20.0": {
   "n": 144,
   "rank1": 1.0,
   "rank5": 1.0,
   "auc": 0.9999844869636536,
   "eer": 0.0005341880341880342,
   "dprime": 3.3403566392771027,
   "genuine_mean": 24.32062861443046,
   "genuine_max": 32.77749950232187,
   "impostor_mean": 103.52035385910776,
   "impostor_min": 29.781026510616137
  },
  "mag_0.0": {
   "n": 144,
   "rank1": 1.0,
   "rank5": 1.0,
   "auc": 1.0,
   "eer": 0.0,
   "dprime": 4.10403537063963,
   "genuine_mean": 3.9733801400423143,
   "genuine_max": 5.11418864529081,
   "impostor_mean": 102.74847762171024,
   "impostor_min": 21.79957957823275
  },
  "mag_0.15": {
   "n": 144,
   "rank1": 1.0,
   "rank5": 1.0,
   "auc": 1.0,
   "eer": 0.0,
   "dprime": 4.103024594239099,
   "genuine_mean": 4.027091195109607,
   "genuine_max": 5.611429063472662,
   "impostor_mean": 102.72832367172,
   "impostor_min": 21.729337947297875
  },
  "mag_0.3": {
   "n": 144,
   "rank1": 1.0,
   "rank5": 1.0,
   "auc": 1.0,
   "eer": 0.0,
   "dprime": 4.097929029106225,
   "genuine_mean": 4.151202522015175,
   "genuine_max": 6.7089446407118905,
   "impostor_mean": 102.71018870355111,
   "impostor_min": 21.67047792197243
  },
  "mag_0.5": {
   "n": 144,
   "rank1": 1.0,
   "rank5": 1.0,
   "auc": 1.0,
   "eer": 0.0,
   "dprime": 4.084649617754807,
   "genuine_mean": 4.4678150335121245,
   "genuine_max": 8.553129741631261,
   "impostor_mean": 102.69986152631859,
   "impostor_min": 21.605452774082362
  },
  "minteeth_3": {
   "n": 179,
   "rank1": 1.0,
   "rank5": 1.0,
   "auc": 1.0,
   "eer": 0.0,
   "dprime": 4.092019932403696,
   "genuine_mean": 3.9800138580763096,
   "genuine_max": 5.137402115143255,
   "impostor_mean": 103.38881818930504,
   "impostor_min": 18.807924425960863
  },
  "minteeth_6": {
   "n": 21,
   "rank1": 1.0,
   "rank5": 1.0,
   "auc": 1.0,
   "eer": 0.0,
   "dprime": 3.4833298906867656,
   "genuine_mean": 4.004434184946781,
   "genuine_max": 4.987131926943317,
   "impostor_mean": 87.94684159061646,
   "impostor_min": 30.901989526209995
  },
  "minteeth_8": {
   "n": 0,
   "rank1": NaN,
   "rank5": NaN,
   "auc": NaN,
   "eer": NaN,
   "dprime": NaN,
   "genuine_mean": NaN,
   "genuine_max": NaN,
   "impostor_mean": NaN,
   "impostor_min": NaN
  }
 },
 "n_subjects": 144,
 "main": {
  "n": 144,
  "rank1": 1.0,
  "rank5": 1.0,
  "auc": 1.0,
  "eer": 0.0,
  "dprime": 4.10315109975585,
  "genuine_mean": 3.993935081742339,
  "genuine_max": 5.348757136609005,
  "impostor_mean": 102.73606298266438,
  "impostor_min": 21.76051430690424
 }
}