{
 "dataset": "denpar",
 "ablations": {
  "jitter_0.0": {
   "n": 400,
   "rank1": 1.0,
   "rank5": 1.0,
   "auc": 1.0,
   "eer": 0.0,
   "dprime": 4.166637830886742,
   "genuine_mean": 1.5853453330912828e-13,
   "genuine_max": 5.217796358186012e-13,
   "impostor_mean": 104.23443111437622,
   "impostor_min": 7.661343313677559
  },
  "jitter_6.0": {
   "n": 400,
   "rank1": 1.0,
   "rank5": 1.0,
   "auc": 0.9999999060150376,
   "eer": 6.265664160401003e-06,
   "dprime": 3.860777891215455,
   "genuine_mean": 7.910003384122647,
   "genuine_max": 10.819041670346534,
   "impostor_mean": 103.60839399435656,
   "impostor_min": 10.071474026169316
  },
  "jitter_12.0": {
   "n": 400,
   "rank1": 1.0,
   "rank5": 1.0,
   "auc": 0.9999949561403508,
   "eer": 4.3859649122807014e-05,
   "dprime": 3.586759396548139,
   "genuine_mean": 15.290404491205441,
   "genuine_max": 21.641420693361454,
   "impostor_mean": 103.58580666741999,
   "impostor_min": 16.4401567830405
  },
  "jitter_20.0": {
   "n": 400,
   "rank1": 0.985,
   "rank5": 1.0,
   "auc": 0.9998762061403509,
   "eer": 0.0011215538847117795,
   "dprime": 3.2736608162239973,
   "genuine_mean": 24.129762862237413,
   "genuine_max": 32.596269665031585,
   "impostor_mean": 104.11890602509874,
   "impostor_min": 18.380229521356437
  },
  "mag_0.0": {
   "n": 400,
   "rank1": 1.0,
   "rank5": 1.0,
   "auc": 1.0,
   "eer": 0.0,
   "dprime": 4.0094634878326945,
   "genuine_mean": 3.9695238075801145,
   "genuine_max": 5.466155030611757,
   "impostor_mean": 103.83249075608477,
   "impostor_min": 8.106653647671953
  },
  "mag_0.15": {
   "n": 400,
   "rank1": 1.0,
   "rank5": 1.0,
   "auc": 1.0,
   "eer": 0.0,
   "dprime": 4.008031477754193,
   "genuine_mean": 4.016832803753697,
   "genuine_max": 5.801737279282881,
   "impostor_mean": 103.82996481076444,
   "impostor_min": 8.001941031655367
  },
  "mag_0.3": {
   "n": 400,
   "rank1": 1.0,
   "rank5": 1.0,
   "auc": 1.0,
   "eer": 0.0,
   "dprime": 4.002390758472878,
   "genuine_mean": 4.130639189141667,
   "genuine_max": 6.978672390307841,
   "impostor_mean": 103.82940275554984,
   "impostor_min": 7.921501241456422
  },
  "mag_0.5": {
   "n": 400,
   "rank1": 1.0,
   "rank5": 1.0,
   "auc": 0.9999998120300752,
   "eer": 1.2531328320802006e-05,
   "dprime": 3.9888844116025037,
   "genuine_mean": 4.42240827611464,
   "genuine_max": 9.565499668532702,
   "impostor_mean": 103.81502117416919,
   "impostor_min": 7.8412499636894974
  },
  "minteeth_3": {
   "n": 400,
   "rank1": 1.0,
   "rank5": 1.0,
   "auc": 1.0,
   "eer": 0.0,
   "dprime": 4.030477285093774,
   "genuine_mean": 3.9424323283437595,
   "genuine_max": 5.430261212747967,
   "impostor_mean": 105.07070164757687,
   "impostor_min": 7.848899740568727
  },
  "minteeth_6": {
   "n": 103,
   "rank1": 1.0,
   "rank5": 1.0,
   "auc": 1.0,
   "eer": 0.0,
   "dprime": 3.810080474272824,
   "genuine_mean": 4.023009562180028,
   "genuine_max": 5.106826927511478,
   "impostor_mean": 94.11059488887048,
   "impostor_min": 21.079101961287797
  },
  "minteeth_8": {
   "n": 3,
   "rank1": 1.0,
   "rank5": 1.0,
   "auc": 1.0,
   "eer": 0.0,
   "dprime": 4.765029167301699,
   "genuine_mean": 4.064901341574283,
   "genuine_max": 4.337318829700043,
   "impostor_mean": 105.21828221391571,
   "impostor_min": 70.66195878483775
  }
 },
 "n_subjects": 400,
 "main": {
  "n": 400,
  "rank1": 1.0,
  "rank5": 1.0,
  "auc": 1.0,
  "eer": 0.0,
  "dprime": 4.009057294234344,
  "genuine_mean": 3.987023704348628,
  "genuine_max": 5.381644231807992,
  "impostor_mean": 103.83041592952209,
  "impostor_min": 8.047303478624356
 }
}