{
 "dataset": "denpar",
 "ablations": {
  "jitter_0.0": {
   "n": 120,
   "rank1": 1.0,
   "rank5": 1.0,
   "auc": 1.0,
   "eer": 0.0,
   "dprime": 4.328703369038426,
   "genuine_mean": 1.5645255709427604e-13,
   "genuine_max": 5.108274350177736e-13,
   "impostor_mean": 103.324708734212,
   "impostor_min": 24.66506318270887
  },
  "jitter_6.0": {
   "n": 120,
   "rank1": 1.0,
   "rank5": 1.0,
   "auc": 1.0,
   "eer": 0.0,
   "dprime": 4.009383570301763,
   "genuine_mean": 7.919365220956653,
   "genuine_max": 10.631499070710511,
   "impostor_mean": 102.88363088287161,
   "impostor_min": 25.77990732946484
  },
  "jitter_12.0": {
   "n": 120,
   "rank1": 1.0,
   "rank5": 1.0,
   "auc": 1.0,
   "eer": 0.0,
   "dprime": 3.7285630517284054,
   "genuine_mean": 15.33184757548133,
   "genuine_max": 20.0244372255337,
   "impostor_mean": 103.03618486752436,
   "impostor_min": 27.343854821889348
  },
  "jitter_20.0": {
   "n": 120,
   "rank1": 1.0,
   "rank5": 1.0,
   "auc": 0.9999935807656396,
   "eer": 0.00028011204481792715,
   "dprime": 3.3956233498862116,
   "genuine_mean": 24.30180329874894,
   "genuine_max": 32.77749950232187,
   "impostor_mean": 103.85600614567494,
   "impostor_min": 30.028408485464766
  },
  "mag_0.0": {
   "n": 120,
   "rank1": 1.0,
   "rank5": 1.0,
   "auc": 1.0,
   "eer": 0.0,
   "dprime": 4.165165025566091,
   "genuine_mean": 3.985636644195743,
   "genuine_max": 5.11418864529081,
   "impostor_mean": 103.08451871004341,
   "impostor_min": 25.222151721528896
  },
  "mag_0.15": {
   "n": 120,
   "rank1": 1.0,
   "rank5": 1.0,
   "auc": 1.0,
   "eer": 0.0,
   "dprime": 4.1660634875288975,
   "genuine_mean": 4.026371278342208,
   "genuine_max": 5.611429063472662,
   "impostor_mean": 103.07096582555906,
   "impostor_min": 25.258980523087505
  },
  "mag_0.3": {
   "n": 120,
   "rank1": 1.0,
   "rank5": 1.0,
   "auc": 1.0,
   "eer": 0.0,
   "dprime": 4.159691270673503,
   "genuine_mean": 4.136012550971971,
   "genuine_max": 6.7089446407118905,
   "impostor_mean": 103.05316070412948,
   "impostor_min": 25.30059295369896
  },
  "mag_0.5": {
   "n": 120,
   "rank1": 1.0,
   "rank5": 1.0,
   "auc": 1.0,
   "eer": 0.0,
   "dprime": 4.147053745243279,
   "genuine_mean": 4.425221820104124,
   "genuine_max": 8.553129741631261,
   "impostor_mean": 103.05569543048719,
   "impostor_min": 25.36517840235711
  },
  "minteeth_3": {
   "n": 120,
   "rank1": 1.0,
   "rank5": 1.0,
   "auc": 1.0,
   "eer": 0.0,
   "dprime": 4.368347862373954,
   "genuine_mean": 3.9509179043623046,
   "genuine_max": 5.137402115143255,
   "impostor_mean": 103.0667391723473,
   "impostor_min": 18.807924425960863
  },
  "minteeth_6": {
   "n": 21,
   "rank1": 1.0,
   "rank5": 1.0,
   "auc": 1.0,
   "eer": 0.0,
   "dprime": 3.4833298906867656,
   "genuine_mean": 4.004434184946781,
   "genuine_max": 4.987131926943317,
   "impostor_mean": 87.94684159061646,
   "impostor_min": 30.901989526209995
  },
  "minteeth_8": {
   "n": 0,
   "rank1": NaN,
   "rank5": NaN,
   "auc": NaN,
   "eer": NaN,
   "dprime": NaN,
   "genuine_mean": NaN,
   "genuine_max": NaN,
   "impostor_mean": NaN,
   "impostor_min": NaN
  }
 },
 "n_subjects": 120,
 "main": {
  "n": 120,
  "rank1": 1.0,
  "rank5": 1.0,
  "auc": 1.0,
  "eer": 0.0,
  "dprime": 4.165080954548411,
  "genuine_mean": 3.9993856198962416,
  "genuine_max": 5.348757136609005,
  "impostor_mean": 103.07578999267645,
  "impostor_min": 25.24124795633273
 }
}