{
 "method": "PCA principal-axis init + multi-scale Generalized-ICP rigid best-fit + mean surface distance; different-sample re-scan",
 "n": 50,
 "rank1": 1.0,
 "rank5": 1.0,
 "eer": 0.0,
 "auc": 1.0,
 "dprime": 3.040198802871186,
 "genuine_mean": 0.6716781066074285,
 "genuine_median": 0.6683631757354289,
 "genuine_max": 0.8840700493548209,
 "impostor_mean": 3.2254622954862415,
 "impostor_min": 1.2180304526381842,
 "genuine": [
  0.7854000781007655,
  0.7609758160051676,
  0.5960661891983574,
  0.5733956343929107,
  0.6227242743179658,
  0.5976250391736022,
  0.6100878901414258,
  0.8141128548581121,
  0.6506399067870239,
  0.6955066294878621,
  0.6839152662318565,
  0.6125945715818075,
  0.7774204304231995,
  0.7124359547328947,
  0.8117301295292797,
  0.6437196396314341,
  0.7202496663873416,
  0.6782735796668065,
  0.7007210058298482,
  0.6801824256333795,
  0.7521422101969146,
  0.6550628818688295,
  0.6440247664798282,
  0.7610648320938368,
  0.6392893919578091,
  0.6358786423822895,
  0.7347614420187404,
  0.7032213781088039,
  0.7418452086891314,
  0.5861837727430633,
  0.8840700493548209,
  0.6312924566776514,
  0.5145089427682837,
  0.6717680614730718,
  0.6677408992578889,
  0.6234750225279981,
  0.6972390913175882,
  0.775965701388348,
  0.7582681268622128,
  0.7438769863255436,
  0.6481837796974693,
  0.6689854522129688,
  0.5537636036380427,
  0.5166764822477397,
  0.5191614842632266,
  0.7401448351160765,
  0.5972596509696297,
  0.5913528768072469,
  0.631487681852962,
  0.5674326369623702
 ]
}
