{
 "method": "PCA-axis init + ICP rigid best-fit + mean surface distance; different-sample re-scan",
 "n": 50,
 "rank1": 1.0,
 "rank5": 1.0,
 "eer": 0.0,
 "auc": 1.0,
 "dprime": 2.838913644776646,
 "genuine_mean": 0.6709123862091713,
 "genuine_median": 0.6611863285241547,
 "genuine_max": 0.8866906811824217,
 "impostor_mean": 3.124525523451298,
 "impostor_min": 1.1985068940482093,
 "genuine": [
  0.7762510421926416,
  0.7574122120073152,
  0.6022854018721266,
  0.5667475340090163,
  0.6267481881012835,
  0.5972682848718218,
  0.6056252137151535,
  0.8233435329296674,
  0.6544180201236147,
  0.689926198406911,
  0.6914674365588515,
  0.6164006440870382,
  0.7741941107741368,
  0.7156921459690633,
  0.7949939149950888,
  0.6472578199114755,
  0.7145343965431307,
  0.6619893982069994,
  0.6948110738773565,
  0.68248301960654,
  0.7219773040119812,
  0.66038325884131,
  0.633195168503299,
  0.7854986672721913,
  0.6523414565624461,
  0.6350075331427575,
  0.7210140596208512,
  0.7026341221776967,
  0.7438398837007123,
  0.5882018215951936,
  0.8866906811824217,
  0.6374206343765457,
  0.5192294142590027,
  0.6628854387442966,
  0.6602651729532516,
  0.6316618643172717,
  0.7051116805344693,
  0.7724530719927903,
  0.7651731373654602,
  0.7339151258905534,
  0.6492785874969033,
  0.6752909878351137,
  0.554913418176427,
  0.5251701255029856,
  0.5130726004489776,
  0.7325110956526126,
  0.5933289209463827,
  0.5862377857951188,
  0.6406157745912736,
  0.5624509282090303
 ]
}
