{
 "dataset": "Poseidon3D N=200",
 "method": "PCA-axis init + Generalized-ICP, point-to-point",
 "metrics": {
  "n": 200,
  "rank1": 0.995,
  "rank5": 0.995,
  "eer": 0.005,
  "auc": 0.9972810301507538,
  "dprime": 2.4469062521317584,
  "gen_mean": 0.6664863608179928,
  "gen_median": 0.6471238407583699,
  "gen_max": 2.6611452021603457,
  "imp_mean": 2.8862750766440075,
  "imp_min": 0.7854368260898409,
  "no_overlap": false,
  "auc_ci95": [
   0.9887497832914572,
   0.9978846859296483
  ]
 },
 "cmc": [
  0.995,
  0.995,
  0.995,
  0.995,
  0.995,
  0.995,
  0.995,
  0.995,
  0.995,
  0.995
 ],
 "alignment_fidelity_point_to_surface": {
  "gen_mean": 0.05951818197965622,
  "gen_median": 0.04817192070186138,
  "gen_max": 2.287461519241333,
  "imp_mean": 2.5014542784523126,
  "imp_min": 0.8220609426498413
 },
 "conformal_fmr": {
  "0.001": {
   "emp_fmr": 0.0010318181818181817,
   "emp_fmr_p95": 0.0025252525252525255,
   "tar": 0.9947500000000001
  },
  "0.005": {
   "emp_fmr": 0.00531060606060606,
   "emp_fmr_p95": 0.010308080808080806,
   "tar": 0.9947500000000001
  },
  "0.01": {
   "emp_fmr": 0.010533333333333332,
   "emp_fmr_p95": 0.018398989898989894,
   "tar": 0.9947500000000001
  },
  "0.02": {
   "emp_fmr": 0.021125757575757572,
   "emp_fmr_p95": 0.034560606060606056,
   "tar": 0.9947500000000001
  },
  "0.05": {
   "emp_fmr": 0.0524969696969697,
   "emp_fmr_p95": 0.07577272727272727,
   "tar": 0.9947500000000001
  },
  "0.1": {
   "emp_fmr": 0.1041348484848485,
   "emp_fmr_p95": 0.140050505050505,
   "tar": 0.9947500000000001
  }
 },
 "conformal_fmr_hard_negatives": {
  "0.001": {
   "emp_fmr": 0.01645,
   "tar": 0.9639500000000001
  },
  "0.005": {
   "emp_fmr": 0.01645,
   "tar": 0.9639500000000001
  },
  "0.01": {
   "emp_fmr": 0.01645,
   "tar": 0.9639500000000001
  },
  "0.02": {
   "emp_fmr": 0.022400000000000003,
   "tar": 0.9647
  },
  "0.05": {
   "emp_fmr": 0.05315000000000001,
   "tar": 0.9942000000000002
  },
  "0.1": {
   "emp_fmr": 0.10495000000000002,
   "tar": 0.9951500000000002
  }
 },
 "open_set": {
  "fnir_at_fpir_1pct": 0.03171875000000024,
  "held_out": 40
 }
}
