{
 "n_patients": 55,
 "ios_crowns": {
  "rank1": 1.0,
  "auc": 0.9999816345270891,
  "gen_mean": 0.016409298023822117,
  "imp_min": 0.01882644301109019
 },
 "cbct_bone": {
  "rank1": 0.9454545454545454,
  "auc": 0.9989348025711662,
  "gen_mean": 0.01845755869537657,
  "imp_min": 0.01770718641811609
 },
 "dental_work": {
  "rank1": 0.9272727272727272,
  "auc": 0.9988552188552189,
  "gen_mean": 0.01181419578076533,
  "imp_min": 0.010498490480904298
 },
 "fuse_crowns+work": {
  "rank1": 1.0,
  "auc": 0.9999816345270891,
  "gen_mean": -3.5286930143246082,
  "imp_min": -3.2293518841989415
 },
 "fuse_all_three": {
  "rank1": 1.0,
  "auc": 0.9999816345270891,
  "gen_mean": -6.2099782879993635,
  "imp_min": -5.968522887759233
 }
}
