{
 "n_patients": 20,
 "dataset": "Figshare CBCT+oral-scan (real paired)",
 "ios_crowns": {
  "rank1": 1.0,
  "auc": 1.0,
  "gen_mean": 0.016729065779751133,
  "imp_min": 0.02036680791888187
 },
 "cbct_bone": {
  "rank1": 0.95,
  "auc": 0.9971052631578947,
  "gen_mean": 0.01872435554283374,
  "imp_min": 0.017764049342089798
 },
 "fused": {
  "rank1": 1.0,
  "auc": 1.0,
  "gen_mean": -5.243810564650229,
  "imp_min": -4.634074248600985
 }
}
